Workbook

Sheet Inputs
A1: Bond Pricing Model
A3: Parameter | B3: Value
A4: Face Value (IRR) | B4: 1000000
A5: Coupon Rate | B5: 0.2
A6: YTM | B6: 0.22
A7: Periods | B7: 5
A8: Frequency | B8: 1
A10: Bond Price (PV formula) | B10: =-PV(B6/B8,B7,-B4*B5/B8,-B4)
A12: Computed Price | B12: =-'Cash Flows'!D2
A13: Periodic YTM (IRR) | B13: ='Cash Flows'!B9
A14: Annual YTM | B14: ='Cash Flows'!B10
A15: Macaulay Duration (yrs) | B15: ='Cash Flows'!B11
A16: Modified Duration | B16: ='Cash Flows'!B12

Sheet Cash Flows
A1: Period | B1: Coupon | C1: Principal | D1: Total CF | E1: PV
A2: 0 | D2: =PV(Inputs!$B$6/Inputs!$B$8,Inputs!$B$7,-Inputs!$B$4*Inputs!$B$5/Inputs!$B$8,-Inputs!$B$4)
A3: 1 | B3: =Inputs!$B$4*Inputs!$B$5/Inputs!$B$8 | C3: =IF(A3=Inputs!$B$7,Inputs!$B$4,0) | D3: =B3+C3 | E3: =D3/(1+Inputs!$B$6/Inputs!$B$8)^A3
A4: 2 | B4: =Inputs!$B$4*Inputs!$B$5/Inputs!$B$8 | C4: =IF(A4=Inputs!$B$7,Inputs!$B$4,0) | D4: =B4+C4 | E4: =D4/(1+Inputs!$B$6/Inputs!$B$8)^A4
A5: 3 | B5: =Inputs!$B$4*Inputs!$B$5/Inputs!$B$8 | C5: =IF(A5=Inputs!$B$7,Inputs!$B$4,0) | D5: =B5+C5 | E5: =D5/(1+Inputs!$B$6/Inputs!$B$8)^A5
A6: 4 | B6: =Inputs!$B$4*Inputs!$B$5/Inputs!$B$8 | C6: =IF(A6=Inputs!$B$7,Inputs!$B$4,0) | D6: =B6+C6 | E6: =D6/(1+Inputs!$B$6/Inputs!$B$8)^A6
A7: 5 | B7: =Inputs!$B$4*Inputs!$B$5/Inputs!$B$8 | C7: =IF(A7=Inputs!$B$7,Inputs!$B$4,0) | D7: =B7+C7 | E7: =D7/(1+Inputs!$B$6/Inputs!$B$8)^A7
A9: Periodic YTM (IRR) | B9: =IRR(D2:D7)
A10: Annual YTM | B10: =B9*Inputs!$B$8
A11: Macaulay Duration (years) | B11: =SUMPRODUCT(A3:A7,E3:E7)/SUM(E3:E7)/Inputs!$B$8
A12: Modified Duration | B12: =B11/(1+Inputs!$B$6/Inputs!$B$8)
